customerName,recency,frequency,monetary,totalSalesAmount,totalProfit,cluster,segment
ISUZU EAST AFRICA LTD,9,783,90121758.25,90121758.25,13089797.709999999,2,Whales
MOTREX LTD,29,144,58711408.55,58711408.55,3602411.66,3,Loyal Customers
TRANSEAST LIMITED,9,111,48845632.73,48845632.73,11463718.24,3,Loyal Customers
CONTIPARTNER CASH SALE - LUSAKA RD,1,4220,39922641.45,39922641.45,13901085.5,2,Whales
CONTIPARTNER CASHSALE - HURLINGHAM,2,3589,26856898.99,26856898.99,7936810.45,2,Whales
RELIABLE FREIGHT SERVICES LTD,12,631,24414164.22,24414164.22,2705415.24,2,Whales
KENYA POWER & LIGHTING CO.LTD,194,329,21080968.19,21080968.19,1555286.07,3,Loyal Customers
CONTIPARTNER C/SALE NGONG ROAD,1,3930,19787540.64,19787540.64,5942061.86,2,Whales
MASAI (K) LIMITED,61,75,18401896.23,18401896.23,2400489.64,3,Loyal Customers
WAMBU AUTO TYRES,11,490,17743705.78,17743705.78,3664120.37,2,Whales
TRANSEAST UGANDA LTD,153,49,15290355.03,15290355.03,1339483.4,0,Potential Loyalists
CONTIPARTNER CASH SALE - THIKA ROAD,1,3558,14029291.79,14029291.79,4422427.04,2,Whales
KINGSWAY TYRES LTD,18,250,13288368.56,13288368.56,2930415.34,3,Loyal Customers
CONTIPARTNER CASH SALE - KIAMBU  RD,1,2007,12354331.53,12354331.53,4335232.42,2,Whales
MAINLINE HAULIERS LIMITED,53,76,12301593.790000001,12301593.790000001,945146.8999999999,3,Loyal Customers
UGANDA TRANSPORT AGENCIES LTD,2,37,11845649.18,11845649.18,1805482.7799999998,3,Loyal Customers
HANKOOK MASTERS - THE HUB KAREN BRANCH,2,1582,11169935.36,11169935.36,3380332.17,2,Whales
CONTIPARTNER CASH SALE - VIC PRESTON,1,1993,11035330.43,11035330.43,3318771.08,2,Whales
SIGINON GROUP LIMITED,35,147,10647827.09,10647827.09,2672452.96,3,Loyal Customers
CONTIPARTNER - C/SALE - DENNIS PRITT RD,1,3453,8943150.75,8943150.75,2157546.03,2,Whales
SWAN CARRIERS LIMITED,37,53,8896586.86,8896586.86,1750395.0300000003,3,Loyal Customers
AZAN ENTERPRISES,2,432,8149760.44,8149760.44,1826282.61,2,Whales
CONTIPARTNER CASH SALE - WESTLANDS,1,1601,7950711.81,7950711.81,2760464.38,2,Whales
WEST KENYA SUGAR CO. LTD,144,10,6783724.0,6783724.0,-58602.98999999999,0,Potential Loyalists
NDUGU TRANSPORT COMPANY LTD,9,40,6257793.28,6257793.28,1160391.99,3,Loyal Customers
CONTIPARTNER CASH SALE - RONGAI [Discount Tyres],1,610,5641645.36,5641645.36,2147606.15,2,Whales
TATA AFRICA HOLDINGS (K) LTD,41,41,5544734.76,5544734.76,3306006.46,3,Loyal Customers
AZAN ENTERPRISES (TRUCK),14,129,5538452.17,5538452.17,1035698.37,3,Loyal Customers
GREYSTONE WORKS LTD,50,15,5419316.28,5419316.28,31668.580000000016,0,Potential Loyalists
TRADECORP FREIGHT FORWARDERS,293,9,5296488.87,5296488.87,-4127508.27,0,Potential Loyalists
BEST POINT AUTOTYRES,33,152,4127758.67,4127758.67,1098592.95,3,Loyal Customers
EASY COACH LTD.,12,73,4046982.85,4046982.85,713094.74,3,Loyal Customers
MALINDI AUTOFIT EXPRESS LTD,14,136,3912284.18,3912284.18,948892.68,3,Loyal Customers
TEXCAL 4*4 SAFARIS EA LTD,8,188,3869770.32,3869770.32,693681.97,3,Loyal Customers
CHANNAN AGRICULTURE CONTRACTORS,26,18,3833836.3100000005,3833836.3100000005,1088033.8,3,Loyal Customers
A.JIWA SHAMJI LTD,19,78,3746680.9499999997,3746680.9499999997,936054.5599999999,3,Loyal Customers
ORION HAULIERS LIMITED,69,94,3741293.14,3741293.14,364582.04000000004,3,Loyal Customers
NEW GATITU SERVICE STATION (1977) LTD,5,268,3685523.77,3685523.77,1056553.16,3,Loyal Customers
CASH SALE,1,376,3660212.57,3660212.57,1311152.66,2,Whales
MBOONI TYRES AND AUTOMART,34,25,3618060.41,3618060.41,826432.04,3,Loyal Customers
SPECIALITY TYRES (K) LTD,89,22,3484245.4299999997,3484245.4299999997,1111735.35,0,Potential Loyalists
Carbacid Ltd,44,47,3480000.0,3480000.0,1943786.8699999999,3,Loyal Customers
ATLAS AUTO SERVICE CENTRE LTD,27,89,3479180.67,3479180.67,898651.24,3,Loyal Customers
FARGO COURIER LIMITED,9,191,3473655.55,3473655.55,768885.54,3,Loyal Customers
BRITISH HIGH COMMISSION,27,90,3360687.67,3360687.67,911603.36,3,Loyal Customers
BAMBURI SPECIAL PRODUCTS,140,21,3290259.1399999997,3290259.1399999997,675697.5499999999,0,Potential Loyalists
FRED GARDEN TYRES LIMITED,11,114,3240724.16,3240724.16,665973.28,3,Loyal Customers
WELLPLUS AUTO TYRES AND ACCESSORIES,8,114,3181326.27,3181326.27,878573.6799999999,3,Loyal Customers
TIRE PROZ AUTOZ LIMITED,23,117,3161465.5,3161465.5,1206269.98,3,Loyal Customers
TRANSALLIED LTD,8,119,3111594.83,3111594.83,977245.04,3,Loyal Customers
ADKEEN LIMITED,40,75,2997413.64,2997413.64,771904.04,3,Loyal Customers
CHELI AND PEACOCK MANAGEMENT LTD,1,37,2937953.16,2937953.16,769972.13,3,Loyal Customers
BULKSTREAM LOGISTICS LIMITED,1,43,2817241.3600000003,2817241.3600000003,934506.6900000001,3,Loyal Customers
GLACIER PRODUCTS LTD.,9,197,2756552.7600000002,2756552.7600000002,829046.34,3,Loyal Customers
KAHORE TYRES LTD -KIRINYAGA RD.,14,131,2680603.39,2680603.39,648555.96,3,Loyal Customers
FIRST WORTH PRODUCTS LTD,64,242,2668984.33,2668984.33,879446.88,3,Loyal Customers
PEMBE FLOUR MILLS LTD,25,29,2521206.9,2521206.9,482409.77,3,Loyal Customers
SPENDRITE LIMITED,146,13,2392758.8,2392758.8,409155.6,0,Potential Loyalists
YUSUF AUTO SPARES,55,82,2242500.0700000003,2242500.0700000003,493797.19,3,Loyal Customers
GL&DECLA LIMITED,2,178,2226585.34,2226585.34,478491.64,3,Loyal Customers
NKUBU GALAXY AUTO SPARES LTD,12,159,2164094.64,2164094.64,448441.48,3,Loyal Customers
KIBOS SUGAR AND ALLIED INDUSTRIES LIMITED,26,12,2038103.44,2038103.44,381627.08999999997,5,Promising
GENERATION TYRES,11,68,2029439.63,2029439.63,534855.21,3,Loyal Customers
TIRE WORLD LTD,126,19,2008336.19,2008336.19,449286.04000000004,0,Potential Loyalists
AUTO LION TYRES,40,78,2006896.43,2006896.43,600006.98,3,Loyal Customers
AMERICAN EMBASSY NAIROBI,139,9,1975172.0,1975172.0,282866.94000000006,0,Potential Loyalists
TOP CHOICE AUTO SOLUTION,5,169,1961551.59,1961551.59,348333.38,3,Loyal Customers
WORLD VISION KENYA,12,96,1951731.1099999999,1951731.1099999999,393395.09,3,Loyal Customers
YAPHARICK GENERAL SUPPLIES LIMITED,69,39,1939034.42,1939034.42,444814.52,0,Potential Loyalists
ALFMIN AUTOCARE LIMITED,14,151,1937853.28,1937853.28,559600.19,3,Loyal Customers
WILLIAMS & SONS INVESTMENT LTD,22,261,1919933.3,1919933.3,509313.24,3,Loyal Customers
IMA HAULIERS LIMITED,13,31,1915778.32,1915778.32,352557.82,3,Loyal Customers
RENTOKIL INITIAL (K) LTD,8,333,1902122.55,1902122.55,377953.64,3,Loyal Customers
DISS AUTO SPARES,14,60,1882198.2,1882198.2,320419.33,3,Loyal Customers
RAINTS INTERNATIONAL LIMITED,22,9,1856909.74,1856909.74,453892.38,5,Promising
SIMBA CORPORATION LIMITED.,78,4,1831631.03,1831631.03,547426.7999999999,0,Potential Loyalists
MJENGO LIMITED,19,79,1824560.33,1824560.33,565825.71,3,Loyal Customers
BECKY&ELSIE TYRES LIMITED,16,150,1802282.28,1802282.28,434394.72,3,Loyal Customers
PIT PRO LIMITED,40,191,1775191.74,1775191.74,592392.05,3,Loyal Customers
BELTPRO (K) LIMITED,226,5,1714312.5,1714312.5,158422.96000000002,0,Potential Loyalists
UNIVERSAL AUTO EXPERTS LTD,12,155,1701250.02,1701250.02,611349.05,3,Loyal Customers
PROTO ENERGY LIMITED,64,17,1674138.26,1674138.26,245949.24999999997,0,Potential Loyalists
MOTORWAYS CONSTRUCTIONS LTD,56,14,1666379.27,1666379.27,374646.46,0,Potential Loyalists
MTWAPA CREEK SERVICE STATION,9,166,1635832.45,1635832.45,488530.27,3,Loyal Customers
ROY HAULIERS LTD,95,12,1631034.42,1631034.42,3940.119999999988,0,Potential Loyalists
ZAKHEM CONSTRUCTION KENYA LTD,285,7,1623103.36,1623103.36,351742.16000000003,0,Potential Loyalists
SIMPLY PERFECT LTD,62,45,1612707.02,1612707.02,193572.56999999998,0,Potential Loyalists
SOMAK TRAVEL LIMITED,85,82,1542155.17,1542155.17,688065.31,0,Potential Loyalists
TYRE WORKS LTD,14,86,1513749.96,1513749.96,431092.01,3,Loyal Customers
BLESSINGS PARCELS SERVICES CO.LTD,1,103,1512801.68,1512801.68,390453.02,3,Loyal Customers
VINTAGE AFRICA LIMITED T/A SENSE OF AFRICA,21,96,1472862.02,1472862.02,843112.36,3,Loyal Customers
DESSRA VENTURE LIMITED,35,113,1459232.75,1459232.75,365030.93,3,Loyal Customers
TRUCKHUB AUTO SOLUTIONS LIMITED,33,34,1421939.66,1421939.66,243145.25,3,Loyal Customers
MITCHELL COTTS FREIGHT KENYA LTD,9,12,1401724.43,1401724.43,433117.72,5,Promising
AKV AUTO PLATINUM LTD,14,81,1381896.56,1381896.56,341885.74,3,Loyal Customers
MARKET SERVICE STATION LIMITED-MARKET CAR HIRE,5,163,1364655.23,1364655.23,397417.26,3,Loyal Customers
AMIRAN KENYA LTD,19,282,1361905.01,1361905.01,417126.71,3,Loyal Customers
KARSAN RAMJI AND SONS LTD,321,16,1338155.17,1338155.17,549742.97,0,Potential Loyalists
TIMSALES LTD,160,36,1310517.3399999999,1310517.3399999999,360933.07,0,Potential Loyalists
TATA CHEMICALS MAGADI LIMITED,191,6,1271551.7,1271551.7,328213.49,0,Potential Loyalists
TYREX KENYA ENTERPRISE LIMITED,46,63,1264525.8599999999,1264525.8599999999,261900.61,3,Loyal Customers
SUNWORLD SAFARIS LTD,5,54,1260061.52,1260061.52,-127134.86999999998,3,Loyal Customers
ALLIAD LOGISTICS LIMITED,209,8,1253663.73,1253663.73,405763.57,0,Potential Loyalists
SUPER SPORT TYRES,62,57,1247586.23,1247586.23,265667.25,0,Potential Loyalists
EXPRESS GARAGE LIMITED,31,84,1222299.16,1222299.16,358889.04000000004,3,Loyal Customers
RELIABLE TYRES KE,26,65,1221698.58,1221698.58,265188.6,3,Loyal Customers
INTERSPAR,19,11,1220344.83,1220344.83,403238.24,5,Promising
NYANZA SUGAR AND PRODUCE LIMITED,118,48,1157758.6199999999,1157758.6199999999,162523.21,0,Potential Loyalists
ROADCHASE AUTO TYRES LTD,96,36,1147112.06,1147112.06,288554.43,0,Potential Loyalists
EASTERN PRODUCE KENYA LIMITED,13,101,1146698.44,1146698.44,199419.13999999998,3,Loyal Customers
BOB MORGAN SERVICES LIMITED,41,188,1137885.34,1137885.34,450752.84,3,Loyal Customers
QUICK MART LIMITED,15,72,1131206.83,1131206.83,288377.7,3,Loyal Customers
RSA KENYA LTD,43,83,1102327.66,1102327.66,861729.42,3,Loyal Customers
G4S SECURITY SERVICES (K) LTD,8,145,1094189.64,1094189.64,297147.6,3,Loyal Customers
OLINE RETREAD LTD.,120,30,1091120.65,1091120.65,270193.21,0,Potential Loyalists
ELGON KENYA LIMITED,5,69,1084305.92,1084305.92,254748.28,3,Loyal Customers
BHACHU INDUSTRIES LTD,331,30,1078965.59,1078965.59,-30510.94000000001,0,Potential Loyalists
TREADSETTERS TYRES LIMITED,9,56,1066508.61,1066508.61,539690.34,3,Loyal Customers
FURAHA SERVICE STATION,12,135,1022086.26,1022086.26,248187.66999999998,3,Loyal Customers
NZIKO AUTO TYRES LTD,167,44,1008060.35,1008060.35,141643.48,0,Potential Loyalists
POLLMAN'S TOURS AND SAFARIS LTD,186,30,996281.6,996281.6,284651.07,0,Potential Loyalists
NICE SUPERMARKET LIMITED,330,24,985732.86,985732.86,35893.299999999996,0,Potential Loyalists
CMC MOTORS GROUP LTD,215,5,949068.96,949068.96,327566.64,0,Potential Loyalists
BRIJOSE TYRE MART LIMITED,126,59,948836.15,948836.15,127839.39,0,Potential Loyalists
TYRELINK AUTO LIMITED,167,43,944482.74,944482.74,245143.78,0,Potential Loyalists
CFAO MOTORS KENYA LIMITED,76,51,922370.68,922370.68,451126.52,0,Potential Loyalists
ROHI AUTO TYRES,13,86,916178.04,916178.04,204080.16,3,Loyal Customers
EXCEL CHEMICALS LTD,34,67,913793.04,913793.04,183120.92,3,Loyal Customers
MACLAREN AUTO SPARES,1,43,891284.5,891284.5,255974.15,3,Loyal Customers
TYREMASTERS LTD,25,25,889956.9,889956.9,239740.62,5,Promising
ALJAZEERA AUTO TYRES LTD,2,24,887844.8,887844.8,211261.69,3,Loyal Customers
JESSICA BROWN COLLECTIONS,9,51,875820.6699999999,875820.6699999999,151830.05,3,Loyal Customers
NDUGU TRANSPORT COMPANY LTD - USD,313,5,864830.72,864830.72,18986.36,0,Potential Loyalists
DELUX AUTO TYRE LTD,19,35,860027.99,860027.99,243907.03,3,Loyal Customers
LAKE TURKANA WIND POWER,177,14,853836.22,853836.22,399729.92,0,Potential Loyalists
BEAM TYRES AND SPARES LIMITED,85,36,853102.59,853102.59,162034.56,0,Potential Loyalists
ROAD RUNNER RETREAD AND TYRE CENTRE LIMITED,5,57,851465.52,851465.52,220346.12,3,Loyal Customers
MINERAL ENTERPRISES LTD,23,30,826896.49,826896.49,201556.16999999998,5,Promising
SAISEM TRADERS LIMITED,191,15,804310.33,804310.33,186664.53,0,Potential Loyalists
KIAMBAA DAIRY FARMERS COOPERATIVE SOCIETY LTD,54,75,803989.0,803989.0,232316.63,3,Loyal Customers
KIPKELION CORNER LTD.,110,16,798706.9099999999,798706.9099999999,163287.04,0,Potential Loyalists
KENYA BUILDERS & CONCRETE COMPANY LTD,69,10,777931.03,777931.03,93232.68,0,Potential Loyalists
CROWN MOTORS GROUP LIMITED,47,191,777500.0900000001,777500.0900000001,815876.21,3,Loyal Customers
BEPCO PARTS (K) LTD,155,8,758577.5700000001,758577.5700000001,140419.07,0,Potential Loyalists
JAFALY TRADING,134,33,757109.13,757109.13,92334.12,0,Potential Loyalists
NEWSPAPER TRANSPORTERS LIMITED,58,62,756422.42,756422.42,158359.36,0,Potential Loyalists
MAGUTA EXCELL CO. LTD,92,53,749028.53,749028.53,148418.39,0,Potential Loyalists
KENCHIC LTD,76,29,746156.86,746156.86,137114.4,0,Potential Loyalists
JACARANDA MOTORS LTD,25,43,743793.11,743793.11,212288.63,3,Loyal Customers
TEEMAL AUTO LIMITED,5,139,742120.71,742120.71,530344.74,3,Loyal Customers
SUMMER AFRICA LTD,8,64,738232.78,738232.78,183826.12,3,Loyal Customers
ABDI MOTORS LTD,93,22,735646.49,735646.49,123725.53,0,Potential Loyalists
INTRASPAREX GLOBAL LIMITED,208,12,734913.75,734913.75,212646.14,0,Potential Loyalists
KOBIL KUTUS SERVICE STATION,27,57,728166.8200000001,728166.8200000001,156103.33000000002,3,Loyal Customers
AFRICAN HORIZON,289,1,724138.0,724138.0,254425.6,4,At Risk
KIKI INVESTMENTS LIMITED,9,64,715780.6,715780.6,246041.75,3,Loyal Customers
UNICORN RENT A CAR LIMITED,2,98,706853.51,706853.51,231464.4,3,Loyal Customers
ASHNIL HOTELS LIMITED,33,8,691724.15,691724.15,215649.94000000003,5,Promising
EXECUTIVE RENTALS LTD,49,77,687043.1,687043.1,168832.65,3,Loyal Customers
MINJA TYRES & AUTOMART LTD,167,33,676842.67,676842.67,230357.96000000002,0,Potential Loyalists
CLEANSHELF SUPERMARKETS LIMITED,32,59,672370.65,672370.65,142322.12,3,Loyal Customers
KAYDEE (QUARRY) LTD,167,11,669976.29,669976.29,357747.51,0,Potential Loyalists
AUTO ARENA LTD,4,88,667544.93,667544.93,199112.43,3,Loyal Customers
SAI UNIVERSAL SUPPLIES LTD,5,6,664086.21,664086.21,128260.83,5,Promising
HUSAINI GENERAL MERCHANTS,47,14,645387.89,645387.89,136797.00999999998,5,Promising
BRAEBURN SCHOOL  LTD,55,60,636120.65,636120.65,161669.89,0,Potential Loyalists
ELNATHAN HOLDINGS LIMITED,78,79,634827.58,634827.58,172595.71,0,Potential Loyalists
KENYA PORTS AUTHORITY,21,75,616728.73,616728.73,57849.81000000007,3,Loyal Customers
MULTIPLE  HAULIERS E.A LTD,58,19,612344.8500000001,612344.8500000001,132683.94,0,Potential Loyalists
AEXCEL AUTOSPARES LTD,43,49,600000.08,600000.08,160460.13,3,Loyal Customers
RIVERA AUTO TYRES LIMITED,13,56,581206.96,581206.96,151079.56,3,Loyal Customers
SILVERSTONE RETAIL,9,121,568959.4,568959.4,66566.34999999999,3,Loyal Customers
SHIVAM EAST ENTERPRISES LIMITED,34,28,568810.35,568810.35,88095.02,5,Promising
COMPLY INDUSTRIES LTD,321,7,560344.8400000001,560344.8400000001,194802.3,0,Potential Loyalists
AUTODRIVE TYRES LIMITED,30,14,559758.6299999999,559758.6299999999,166630.69000000003,5,Promising
AVENUE CAR HIRE AND LEASING LTD,16,42,555862.09,555862.09,177605.92,3,Loyal Customers
NEWBOLD GARAGE LIMITED,76,29,548193.62,548193.62,145995.04,0,Potential Loyalists
ROCK PLANT (K) LTD,124,21,544267.2999999999,544267.2999999999,161716.80000000002,0,Potential Loyalists
MOMBASA CEMENT LIMITED,182,2,524137.92,524137.92,131983.75,4,At Risk
TUDOR TYRES & BATTERIES LTD,92,39,508965.5,508965.5,86218.05,0,Potential Loyalists
SIR HENRY AUTO TYRES LTD,104,30,506369.0,506369.0,107627.43,0,Potential Loyalists
KELGARG RETREAD LTD,5,63,505258.60000000003,505258.60000000003,91603.24,3,Loyal Customers
AGL KENYA LIMITED,86,9,498362.04000000004,498362.04000000004,127266.97000000002,0,Potential Loyalists
THE WRIGLEY CO. (E.A) LTD,57,59,496896.56,496896.56,127887.89,0,Potential Loyalists
MTN SACCO LTD,33,16,495689.72,495689.72,80956.5,5,Promising
DIRECT TYRES LIMITED,53,23,485991.38,485991.38,112958.27000000002,0,Potential Loyalists
D-BASS AUTO LTD,91,52,485090.1,485090.1,333934.65,0,Potential Loyalists
ROAD STAR AUTO TYRES,84,21,483603.41000000003,483603.41000000003,94655.68,0,Potential Loyalists
ERI SUPPLIES LTD,211,25,474224.14,474224.14,31258.16,0,Potential Loyalists
XCEPTIONS TYRE CENTRE LIMITED,34,13,472132.76,472132.76,129256.48,5,Promising
CHLORIDE EXIDE KENYA LTD,173,24,469137.95,469137.95,134954.97,0,Potential Loyalists
HASBAH KENYA LIMITED,153,63,466939.68,466939.68,194912.13,0,Potential Loyalists
SHREE SANTRAM AUTO PARTS,26,41,448620.67,448620.67,91212.78,5,Promising
DISCOUNT TYRES INV. LTD(RONGAI),11,21,448207.93,448207.93,126231.69,5,Promising
KARA COMMODITIES LTD,117,11,446206.88,446206.88,70869.66,0,Potential Loyalists
KASSAM (SALES) LTD,34,14,434482.77,434482.77,111563.84,5,Promising
KRSNA UNIVERSAL SUPPLIES LTD,11,26,427865.52,427865.52,122114.38,5,Promising
SAVCO STORES LIMITED,57,12,424310.38,424310.38,58142.409999999996,0,Potential Loyalists
ZENKO KENYA LIMITED,28,11,414999.98,414999.98,119895.75,5,Promising
TECHNO-PLAST LIMITED,133,23,414137.92,414137.92,112009.89,0,Potential Loyalists
CHANIA GENESIS - FREDRICK MWENDA NDURUHU,5,16,413060.35,413060.35,118896.0,5,Promising
TWIGA CAR HIRE AND TOURS LTD,314,15,411327.52,411327.52,101182.82,0,Potential Loyalists
KAREN HUDUMA LTD,184,24,406465.51,406465.51,111348.33,0,Potential Loyalists
INTERNATIONAL COMMITTEE OF THE RED CROSS(ICRC),35,54,394827.56,394827.56,1096560.35,3,Loyal Customers
CHAMBAI TYRES,35,25,392424.56000000006,392424.56000000006,226772.88,5,Promising
 MARA BUSH CAMP LIMITED,49,5,387844.82,387844.82,66956.83,5,Promising
MELVIN MARSH INTERNATIONAL LTD,39,54,384396.54,384396.54,62318.41,3,Loyal Customers
HUIUSQUE LOGISTICS LIMITED,53,54,383017.23,383017.23,110253.39,0,Potential Loyalists
IN MOTION REGIONAL LOGISTICS LIMITED,128,14,382758.66000000003,382758.66000000003,63878.95,0,Potential Loyalists
WIRE PRODUCTS LIMITED,28,34,377499.99,377499.99,43187.23,5,Promising
MEGNET MOTORS (K) LIMITED,18,29,374181.04,374181.04,156820.38999999998,5,Promising
SIAKA AUTO TYRES,36,36,368879.32,368879.32,93441.87,5,Promising
BUDGET DRIVING SCHOOL,29,35,367586.26,367586.26,158068.78,5,Promising
SALVADOR CAETANO (K) LIMITED,37,38,366853.44,366853.44,202175.91,5,Promising
VICWORLD TYRES LIMITED,5,23,362255.17,362255.17,84605.0,5,Promising
MOTORHUB SERVICE CENTER,48,20,360086.20999999996,360086.20999999996,117227.79,5,Promising
PIONEER FEEDS LTD,29,36,357931.04000000004,357931.04000000004,92294.4,5,Promising
INSTA PRODUCTS EPZ LIMITED,352,16,347586.24,347586.24,133390.52,0,Potential Loyalists
CHANIA GENESIS -KINYANJUI JOEL NDURUHU,26,25,342413.8,342413.8,113999.16,5,Promising
KENYA AIRWAYS PLC,225,17,338448.28,338448.28,117843.95000000001,0,Potential Loyalists
WELLS FARGO LIMITED,48,42,335172.4,335172.4,89412.75,0,Potential Loyalists
SCHENKER LIMITED,112,35,331465.47,331465.47,68546.8,0,Potential Loyalists
TRINITY ACE LOGISTICS LIMITED,119,7,331034.52,331034.52,69570.78,0,Potential Loyalists
AUTOMETRIX LIMITED,95,43,318836.20999999996,318836.20999999996,171807.66,0,Potential Loyalists
JAPAN INTERNATIONAL COOPERATION AGENCY,36,19,317344.83999999997,317344.83999999997,25177.499999999993,5,Promising
BANTARAM & COMPANY LIMITED,230,6,314763.94,314763.94,132189.95,4,At Risk
AUTO EXPRESS LTD,42,2,314677.58999999997,314677.58999999997,49476.740000000005,5,Promising
GULF PREMIX LIMITED,314,16,310948.23000000004,310948.23000000004,412726.29,0,Potential Loyalists
MULJI DEVRAJ& BROTHER LIMITED,218,9,309396.55000000005,309396.55000000005,69901.86,0,Potential Loyalists
DEBRA LIMITED,12,16,299913.8,299913.8,40127.28,5,Promising
ULTIMATE SECURITY LIMITED,9,32,298318.94,298318.94,88529.68,5,Promising
SILVERSTONE TYRES (K) LTD,4,140,290675.01,290675.01,-10763.29,3,Loyal Customers
BIO FOOD PRODUCTS LIMITED,55,17,288793.49,288793.49,54356.57,5,Promising
BOB MORGAN SYSTEMS LTD - BM SYSTEMS LTD,35,73,288275.89,288275.89,125412.40000000001,3,Loyal Customers
KENATRA TRANSPORTERS LTD,162,13,287586.24,287586.24,37468.64,0,Potential Loyalists
KERICHO MOTOR SPARES & HARDWARE LTD,29,7,283965.52,283965.52,28703.45,5,Promising
RONITEX TYRE SERVICES LTD,13,18,282262.91,282262.91,139340.59,5,Promising
IFSS LIMITED,117,20,275302.68,275302.68,50231.06999999999,0,Potential Loyalists
SHREE AMBICA AUTO PARTS,156,14,270862.07,270862.07,60201.770000000004,0,Potential Loyalists
KONGONI RIVER FARM LTD,48,2,268965.52,268965.52,59053.42999999999,5,Promising
GARDAWORLD SERVICES (KENYA) LIMITED,22,28,268275.87,268275.87,102145.53,5,Promising
RAI CEMENT LIMITED,77,8,266206.89999999997,266206.89999999997,125701.60999999999,0,Potential Loyalists
SPINNERS & SPINNERS  LTD,166,24,263706.89,263706.89,97778.53,0,Potential Loyalists
NAIROBI MECHANICAL ENGINEERS LIMITED,29,16,261845.84,261845.84,35873.59,5,Promising
EUROPA INFRASTRUCTURE TECHNOLOGIES (E.A) LTD,37,18,259413.81,259413.81,66617.40999999999,5,Promising
ORIEL LTD,60,24,258405.18,258405.18,156853.24000000002,0,Potential Loyalists
HARGEYSA AUTO SPARES,300,20,257384.49,257384.49,28616.75,0,Potential Loyalists
ADENZO COMFIES LIMITED,337,4,255775.86,255775.86,102380.1,4,At Risk
AQUAMIST WATER LTD,126,17,254814.65,254814.65,81727.65,0,Potential Loyalists
SAPHIRE TRADING & MARKETING LTD,147,16,253275.85,253275.85,103573.53,0,Potential Loyalists
EXPRESS AUTOMART LIMITED,44,41,250991.38,250991.38,68436.47,5,Promising
VIVO ENERGY KENYA LIMITED,105,13,243965.51,243965.51,87093.29,0,Potential Loyalists
ANGATA SUGAR MILLS LTD,37,6,240344.82,240344.82,94480.0,5,Promising
MUSTRAL GENERAL TRADERS LIMITED,182,13,239827.59000000003,239827.59000000003,24277.200000000004,0,Potential Loyalists
MUSIARA LIMITED,281,10,238620.66,238620.66,78952.44,0,Potential Loyalists
BETA HEALTHCARE,64,83,238233.14,238233.14,81686.64,0,Potential Loyalists
KUKENA SACCO SOCIETY LTD,18,4,237069.0,237069.0,34117.07,5,Promising
TECHPAK INDUSTRIES LTD,127,34,234965.51,234965.51,56133.24,0,Potential Loyalists
KUBER AGENCIES LIMITED,189,11,232758.6,232758.6,72744.03,0,Potential Loyalists
ACHELIS MATERIAL HANDLING,97,22,229094.86000000002,229094.86000000002,61093.330000000016,0,Potential Loyalists
ASL LIMITED - TRADING DIVISION,173,6,228103.46,228103.46,76387.75,4,At Risk
WINNIE'S PURE HEALTH PRODUCTS LTD,124,22,225088.08,225088.08,132771.1,0,Potential Loyalists
A.T. GLASS LIMITED,15,15,223534.49,223534.49,67491.83,5,Promising
NGATI AUTO TYRES,315,7,220131.0,220131.0,24845.12,4,At Risk
BAKEMARK LIMITED,265,4,210689.66,210689.66,43943.15,4,At Risk
RED LINE AUTO AND TIRE CENTRE LIMITED,64,11,210603.44,210603.44,59097.74,5,Promising
BOBMIL INDUSTRIES LIMITED,62,28,208189.62,208189.62,42453.67,0,Potential Loyalists
SLATER & WHITTAKER LTD,71,25,207922.42,207922.42,52258.0,0,Potential Loyalists
POOLSHOP EA LIMITED,69,13,207543.1,207543.1,64742.67,0,Potential Loyalists
USIJALI REPAIRS LIMITED,33,26,204612.07,204612.07,64621.55,5,Promising
KENYA RED CROSS SOCIETY,148,4,204094.84999999998,204094.84999999998,191405.25,4,At Risk
CROWN TOURS AND CAR HIRE LIMITED,78,17,203448.26,203448.26,69652.08,0,Potential Loyalists
EXACT MARKETING SERVICES LTD,12,36,202144.4,202144.4,40081.59,5,Promising
BOLT UP GARAGE LTD.,36,23,199956.86,199956.86,62046.64,5,Promising
HIGHRIDE AUTO TYRES LTD,109,12,199801.74,199801.74,39389.51,0,Potential Loyalists
KIGORI AUTO TYRES,25,8,199323.26,199323.26,46875.81,5,Promising
EMBASSY OF FINLAND,231,6,192759.63999999998,192759.63999999998,66345.61,4,At Risk
MAINLAND AUTO TYRES,301,4,186379.31,186379.31,166350.35,4,At Risk
AUTONOVA LIMITED,28,24,183478.45,183478.45,69705.93,5,Promising
SAI RAJ LTD,42,6,179827.59,179827.59,42985.25,5,Promising
JAMES & MICHAEL TYRES,57,7,178448.28999999998,178448.28999999998,26926.670000000002,5,Promising
IBERO KENYA LIMITED,30,11,175948.28,175948.28,55872.62000000001,5,Promising
SIMBA VEHICLE RENTAL,344,11,169655.21,169655.21,71289.63,4,At Risk
STEEL STRUCTURES LTD,30,12,167468.96,167468.96,62340.99,5,Promising
THE LAZIZI PREMIER LTD,218,7,166379.32,166379.32,34502.7,4,At Risk
THIKA MOTOR DEALERS (K) LTD,29,34,164310.36000000002,164310.36000000002,55197.36,5,Promising
SIGONA GOLF CLUB,42,7,164068.97,164068.97,50350.08,5,Promising
SHABANA INDUSTRIES LIMITED,102,18,163342.7,163342.7,54274.92,0,Potential Loyalists
SLAVIA AUTO,201,2,160517.24,160517.24,32551.770000000004,4,At Risk
AZIZI REALTORS LTD,134,8,159504.33,159504.33,58615.729999999996,4,At Risk
ECOLAB EAST AFRICA KENYA LTD,76,5,159439.66,159439.66,50752.67999999999,4,At Risk
KAY CONSTRUCTION COMPANY LIMITED,302,6,159224.11,159224.11,26267.660000000003,4,At Risk
FINE TOUCH MEDIA LIMITED,95,21,158538.78999999998,158538.78999999998,43286.3,0,Potential Loyalists
MURBAN MOVERS,237,6,155173.42,155173.42,9886.449999999997,4,At Risk
SPARR DRILLING COMPANY LIMITED,331,6,154741.36000000002,154741.36000000002,20258.57,4,At Risk
WINDSCREEN MANIA LTD,140,15,153611.21000000002,153611.21000000002,21575.67,0,Potential Loyalists
TRANSTRADE ENTERPRISES,323,6,151293.12,151293.12,53896.66,4,At Risk
UNITED RENT A CAR LIMITED,13,18,150905.19,150905.19,51102.79,5,Promising
HEKIMA AUTO TYRES,14,10,150000.0,150000.0,45852.93,5,Promising
GITHUNGURI DAIRY FARMERS COOPERATIVE SOCIETY LTD,313,4,148706.88999999998,148706.88999999998,59552.11,4,At Risk
BOUNTY LIMITED,9,16,148499.97,148499.97,19007.07,5,Promising
TECHPAK FAMILY ACCOUNT,2,4,147577.61000000002,147577.61000000002,48927.340000000004,5,Promising
FAMIKA TYRE CENTRE,15,26,144655.18,144655.18,40782.66,5,Promising
MOTBI LIMITED,204,6,143362.06999999998,143362.06999999998,44480.21,4,At Risk
EXPRESS MACHINERY & SPARES LTD,187,35,142758.66,142758.66,35279.62,0,Potential Loyalists
KOBO SAFARIS,30,6,141379.32,141379.32,24622.5,5,Promising
OILCOM (KENYA) LTD,18,37,139741.37,139741.37,44636.409999999996,5,Promising
TYRE BAY CHUKA,315,8,139524.59,139524.59,19433.35,4,At Risk
ELDO PRIME TYRES LIMITED,89,3,134482.74,134482.74,16545.75,4,At Risk
POLYFLEX INDUSTRIES LTD.,93,24,131810.36000000002,131810.36000000002,16102.44,0,Potential Loyalists
COMPLAST INDUSTRIES LIMITED,179,18,129138.02,129138.02,33971.64,0,Potential Loyalists
BOSS AUTO SOLUTIONS LTD,335,5,127856.04,127856.04,46305.6,4,At Risk
POLYTANKS LTD,97,13,117155.17,117155.17,34791.13,0,Potential Loyalists
PARAPET LTD,64,13,117068.97,117068.97,33870.909999999996,5,Promising
KENRUB LTD,43,10,115793.09999999999,115793.09999999999,52056.92,5,Promising
OSHO GRAIN MILLERS LTD,43,14,115431.0,115431.0,53299.0,5,Promising
THE DREAM FACTORY K LTD,35,35,114344.84,114344.84,13471.57,5,Promising
SICHEY AUTOMOTIVE EAST AFRICA LTD,2,24,112202.62,112202.62,37110.840000000004,5,Promising
VEGPRO LTD,54,8,109137.96000000002,109137.96000000002,133858.26,5,Promising
DEVYANI FOOD INDUSTRIES (KENYA) LIMITED,26,8,108362.07,108362.07,30409.94,5,Promising
JON LOVENDAL,349,2,108276.86,108276.86,17856.86,4,At Risk
SCIENCESCOPE LIMITED,26,96,107116.38,107116.38,-2046.5699999999988,3,Loyal Customers
INTERPEL CONTAINER FREIGHT STATION,348,4,106896.56,106896.56,27131.42,4,At Risk
ROMAGECO KENYA LTD,34,11,103663.79,103663.79,69516.93,5,Promising
AMBAR ENTERPRISES LIMITED,299,4,103448.26,103448.26,53309.200000000004,4,At Risk
REAL AUTO SPARES LTD,131,10,97909.48,97909.48,60629.94,4,At Risk
SHRINK PACK LIMITED,36,11,97318.97,97318.97,13572.970000000001,5,Promising
SUBARU KENYA - ECTA (K) LTD,8,7,96939.65,96939.65,44509.58,5,Promising
BRAINSTON KINDERGARTEN LTD,79,9,95862.07,95862.07,23725.36,4,At Risk
SUPERSLEEK LIMITED,133,14,95698.3,95698.3,31786.690000000002,0,Potential Loyalists
VISH ELECTRIC - NAIROBI,93,8,94340.51,94340.51,36567.97,4,At Risk
CENTRAL BANK OF KENYA,280,6,93103.44,93103.44,43989.61,4,At Risk
SPECIALIZED ALUMINIUM RENOVATORS LIMITED,352,10,93103.44,93103.44,2801.739999999998,4,At Risk
HEMINGWAYS OL SEKI MARA,29,9,90689.66,90689.66,36403.42,5,Promising
KILIMANI JUNIOR ACADEMY LIMITED,50,5,89051.73000000001,89051.73000000001,13536.43,5,Promising
SBC KENYA LIMITED,13,6,88965.51,88965.51,13867.32,5,Promising
FRIENDSHIP CONTAINER MANUFACTURERS LTD,340,2,88612.07,88612.07,41346.38,4,At Risk
GENERAL AUTOMOBILE,22,8,88077.59999999999,88077.59999999999,25133.85,5,Promising
RENTCO AFRICA LIMITED,33,9,88060.34000000001,88060.34000000001,37544.57,5,Promising
ZAYTUNA CO. LTD,300,8,85086.19,85086.19,33582.61,4,At Risk
MAHITAJI ENTERPRISES LTD,132,9,82931.02,82931.02,13015.46,4,At Risk
MYISP LIMITED,13,84,81436.19,81436.19,-12930.39,3,Loyal Customers
WAGA AUTO TYRES & BATTERIES,315,3,81379.32,81379.32,10366.27,4,At Risk
ASP COMPANY LIMITED,42,5,76293.11,76293.11,21174.890000000003,5,Promising
TWIGA CONSTRUCTION LIMITED,308,1,75685.35,75685.35,28248.69,4,At Risk
CAPITOL PRINTERS LTD,65,8,75431.03,75431.03,17258.15,4,At Risk
AUTO MOVERS LTD,21,5,74568.97,74568.97,18145.440000000002,5,Promising
DATAPOSIT LTD,15,4,74094.81999999999,74094.81999999999,30648.0,5,Promising
NDARAWETTA TEA FACTORY LTD,93,3,73706.9,73706.9,13825.619999999999,4,At Risk
SPARTAN RELIEF SUPPLIES LTD,155,31,72620.7,72620.7,63576.55,0,Potential Loyalists
JOKIM TYRES,9,11,69240.52,69240.52,16503.74,5,Promising
DELUXE TRUCKS & BUSES (EA) LTD,23,2,68965.52,68965.52,-2133.62,5,Promising
GERMAN DIGITAL CAR & TYRE CENTER LTD,356,3,68736.21,68736.21,25920.629999999997,4,At Risk
DAY BREAK LTD,162,2,66896.56,66896.56,28638.46,4,At Risk
DK ADVENTURE SAFARIS LTD,249,5,65689.65,65689.65,21332.89,4,At Risk
2NK SACCO CS LTD,63,5,64655.17,64655.17,11709.92,4,At Risk
MIDCO TEXTILE LTD,224,4,63000.0,63000.0,27269.41,4,At Risk
VIASHLA PREMIER SERVICES,317,4,62844.84,62844.84,15561.890000000001,4,At Risk
KINGS PLASTIC INDUSTRIES LTD,79,14,61637.94,61637.94,13796.130000000001,4,At Risk
SAMANI CONSTRUCTION LIMITED,285,3,60517.24,60517.24,16585.77,4,At Risk
BEAN INTERACTIVE LTD,217,3,60344.82,60344.82,16887.15,4,At Risk
SPECIALISED HARDWARES LIMITED,202,5,59741.369999999995,59741.369999999995,17317.54,4,At Risk
WRAPZONE LTD,32,5,56551.73,56551.73,15522.210000000001,5,Promising
KIAMUNYI TYRE DEALERS AND ACCESSORIES,193,2,55948.28,55948.28,8952.46,4,At Risk
TRANSTRAILERS LIMITED,118,6,55086.2,55086.2,70956.99,4,At Risk
EXON  INVESTMENTS LTD,43,5,54965.520000000004,54965.520000000004,21958.69,5,Promising
TROPICAL FARM MANAGEMENT,84,4,51939.65000000001,51939.65000000001,20748.43,4,At Risk
EXUBER INVESTMENTS LIMITED,54,4,51724.14,51724.14,15066.950000000003,4,At Risk
RAPA INVESTMENT LIMITED,111,8,51637.93,51637.93,11168.759999999998,4,At Risk
XUPERB RENTAL LIMITED,331,3,51551.72,51551.72,16923.82,4,At Risk
NYALI LINKS ROAD SERVICE STATION,82,3,49827.59,49827.59,19593.350000000002,4,At Risk
ACREAGE HOLDINGS LIMITED,317,8,49655.17,49655.17,14330.27,4,At Risk
ADIX PLASTICS LTD,135,12,49224.15,49224.15,12328.05,4,At Risk
GEOCRUISERS,90,12,48534.48,48534.48,18892.93,4,At Risk
ADVANCE AUTO PRODUCTS LIMITED,116,8,47758.62,47758.62,12834.32,4,At Risk
OPTIMUM LUBRICANTS LIMITED,191,12,47241.369999999995,47241.369999999995,20584.329999999998,4,At Risk
ROAD TRANK TYRE LTD,341,6,46206.9,46206.9,3462.87,4,At Risk
SAMLU CITY CLEANERS,201,6,45155.17,45155.17,13709.1,4,At Risk
VARIA FAMILY ACCOUNT,260,5,44568.96,44568.96,10124.619999999999,4,At Risk
NIRMAL FABRICATORS LTD,328,3,44138.79,44138.79,13153.58,4,At Risk
SINTEL SECURITY PRINT SOLUTIONS LTD,352,4,40732.76,40732.76,19023.4,4,At Risk
FURNITURE INTERNATIONAL LTD,13,5,39568.97,39568.97,17021.74,5,Promising
KALON FOODS LIMITED,254,15,38560.34,38560.34,74150.97,4,At Risk
BUROOJ AUTO SPARES LIMITED,152,3,36379.32,36379.32,11767.2,4,At Risk
PREMIER INDUSTRIES LIMITED,324,8,36034.48,36034.48,25348.97,4,At Risk
JETLAK FOODS LTD,158,2,36034.48,36034.48,16591.82,4,At Risk
RUPRA CONSTRUCTION COMPANY LTD,324,6,34827.58,34827.58,7270.490000000001,4,At Risk
POLYCHEM INDUSTRIES LIMITED,288,1,29482.76,29482.76,6818.18,4,At Risk
AUTOPHARM SPARES LIMITED,210,3,29396.55,29396.55,9245.79,4,At Risk
BID APARTMENT LIMITED,36,16,29095.690000000002,29095.690000000002,1090.69,5,Promising
GATHANI LIMITED,303,5,28620.69,28620.69,8152.710000000001,4,At Risk
AUTOFIT KENYA COMPANY LIMITED,78,7,25862.06,25862.06,5517.32,4,At Risk
AQUA TRONICS LTD,309,18,25517.679999999997,25517.679999999997,36259.740000000005,4,At Risk
NOVASTRO LIMITED,293,4,25387.93,25387.93,12110.96,4,At Risk
STYLE INDUSTRIES LIMITED,138,2,25189.66,25189.66,5936.44,4,At Risk
PKF KENYA LLP,133,1,24741.38,24741.38,11022.94,4,At Risk
INCHCAPE KENYA LTD,132,2,23534.48,23534.48,7913.389999999999,4,At Risk
ALOK BEHAL,65,3,22435.35,22435.35,2951.79,4,At Risk
BLOOMINGDALE ROSES LTD,97,3,21551.72,21551.72,4929.51,4,At Risk
TANDU ALARMS SYSTEMS LIMITED,112,2,21379.31,21379.31,5922.13,4,At Risk
DEANA ENTERPRISES KENYA LTD,123,6,21077.59,21077.59,1959.3500000000004,4,At Risk
IMPERIAL PROPERTIES LIMITED,68,4,20431.039999999997,20431.039999999997,5309.96,4,At Risk
KENYA WILDLIFE SERVICES,65,4,17801.72,17801.72,3968.39,4,At Risk
UNIVERSITY OF NAIROBI,203,1,17068.97,17068.97,5068.97,4,At Risk
THIKA WAX WORKS LTD,358,1,16120.69,16120.69,7317.88,4,At Risk
RAIGWAYS TYRES & AUTOMART,310,2,14913.8,14913.8,6277.8,4,At Risk
KENYA HYDRAULICS LTD,140,4,13362.070000000002,13362.070000000002,5670.5599999999995,4,At Risk
LABCHEM LIMITED,19,11,12586.19,12586.19,4368.12,5,Promising
MANTRAC KENYA LTD,51,5,11724.14,11724.14,5247.2,4,At Risk
VED ENTERPRISES LIMITED,106,42,11193.970000000001,11193.970000000001,-14471.23,4,At Risk
C.G RETREAD(NRB) LIMITED,187,3,10948.28,10948.28,1645.1399999999999,4,At Risk
TRADE ROOTS LTD,243,1,10905.17,10905.17,3736.75,4,At Risk
LAVINGTON GREEN SERVICE,240,4,10603.44,10603.44,3931.74,4,At Risk
IMPALA AUTO SPARES LIMITED.,207,2,9870.69,9870.69,2824.2,4,At Risk
REDHILL INVESTMENTS LIMITED,267,2,9482.76,9482.76,1293.1,4,At Risk
POWER ENGINEERING INTERNATIONAL LTD,96,1,8620.69,8620.69,3204.76,4,At Risk
SYOKIMAU ICD LIMITED,65,3,7931.03,7931.03,6265.0,4,At Risk
CHUKA TYRES LIMITED,149,2,7206.9,7206.9,1736.8600000000001,4,At Risk
NUBILD CONSTRUCTION LIMITED,99,4,6599.13,6599.13,1851.7099999999998,4,At Risk
TWIGA GENERAL MERCHANTS LIMITED,47,2,5353.45,5353.45,0.060000000000002274,4,At Risk
AGRICULTURAL TRACTOR SPARES LTD(ATSL),293,2,3318.97,3318.97,875.05,4,At Risk
MOMBASA ISLAND CARGO TERMINAL (MICT),155,1,3017.24,3017.24,2381.08,4,At Risk
SAFERON SYSTEMS LTD,68,2,1853.45,1853.45,803.9000000000001,4,At Risk
PICKUP AUTO PARTS,9,10,1120.68,1120.68,979.8299999999999,5,Promising
AUTO PLANET ENTERPRISE,75,2,689.66,689.66,167.09,1,Hibernating
CARDOC AUTOMOTIVE LIMITED,195,3,681.04,681.04,119.89,1,Hibernating
D.F.ENTERPRISES CO.LTD.,279,2,344.83,344.83,275.86,1,Hibernating
LONDON DISTILLERS LTD,12,2,172.41,172.41,160.78,1,Hibernating
BMW CENTRE LTD,355,1,172.41,172.41,164.65,1,Hibernating
GOLDEN AUTO CENTRE LIMITED,58,3,172.41,172.41,159.61999999999998,1,Hibernating
ASILIA KENYA LIMITED,126,28,3.637978807091713e-12,3.637978807091713e-12,181548.98,1,Hibernating
NEW GATITU SERVICE STATION (1977) LTD - USD,21,2,0.0,0.0,2728223.88,1,Hibernating
NKG COFFEE MILLS KENYA LTD,250,2,0.0,0.0,14742.76,1,Hibernating
JAPANESE VEHICLE SERVICE CENTRE LIMITED,54,4,0.0,0.0,20159.22,1,Hibernating
STALLION COMPANY 2010 LIMITED,321,3,0.0,0.0,-28.759999999999998,1,Hibernating
DHRUV AUTO CLINIC,244,2,0.0,0.0,6771.28,1,Hibernating
